cluster_px,cx,cy,dist_to_frag_px,frag_i,band,faceIdx,stored,u_cool,radialN,frag_sx,frag_sy,behind
987,642.0,401.0,6.8,225,2,9,0,0,0.568,635.2,400.5,False
353,673.3,335.7,4.8,107,2,4,0,0,0.569,672.3,331,False
142,660.6,413.8,4.0,218,1,9,0,0,0.273,660.1,409.8,False
95,694.5,434.4,4.5,233,3,9,0,0,0.921,690.4,432.7,False
92,634.2,432.0,6.5,221,1,9,0,0,0.225,635.4,425.6,False
85,566.2,368.0,4.1,281,3,11,0,0,0.981,562.1,368,False
80,639.5,342.0,7.3,111,2,4,0,0,0.581,638.7,349.2,False
74,635.3,322.7,6.6,161,3,6,0,0,0.939,628.7,323.3,False
69,614.3,336.6,10.9,116,3,4,0,0,0.956,621.2,328.1,False
41,564.7,346.4,4.0,41,3,1,0,0,0.901,565.9,342.6,False
24,714.2,383.5,2.5,19,3,0,0,0,1,713.8,381,False
23,709.2,359.0,3.8,207,3,8,0,0,0.864,710.5,362.6,False
23,708.8,440.3,4.2,212,3,8,0,0,0.839,713,440.1,False
16,689.2,356.4,4.3,2,0,0,0,0,0.007,684.9,356.3,False
15,675.4,366.4,9.4,9,1,0,0,0,0.255,680.3,358.4,False
13,548.2,392.7,1.8,271,1,11,0,0,0.327,549.5,391.5,False
13,704.1,400.9,2.5,201,2,8,0,0,0.57,701.7,401.6,False
12,640.8,483.2,4.8,128,1,5,0,0,0.34,644.8,480.5,False
11,639.7,357.0,6.4,254,3,10,0,0,0.954,640.8,350.7,False
11,677.0,375.5,6.1,119,3,4,0,0,0.93,682.6,373.1,False
11,559.6,442.9,2.6,86,2,3,0,0,0.621,557.7,441.2,False
10,652.5,333.9,3.0,103,1,4,0,0,0.277,655.4,334.5,False
10,556.7,415.1,5.1,269,1,11,0,0,0.257,552.3,412.5,False
9,648.3,338.0,3.8,98,0,4,0,0,0.007,651.9,339.2,False
9,625.9,352.4,6.5,117,3,4,0,0,0.907,625.6,346,False
9,643.2,414.9,2.4,214,0,9,0,0,0.002,645.5,415.5,False
8,651.5,319.0,3.4,115,3,4,0,0,0.931,651.1,315.6,False
8,705.9,352.0,3.3,18,3,0,0,0,0.949,707.4,354.9,False
8,657.1,427.2,4.1,223,1,9,0,0,0.24,661.2,427.6,False
8,706.8,432.0,3.3,203,2,8,0,0,0.533,708.7,434.7,False
8,574.6,462.5,1.9,87,2,3,0,0,0.556,572.9,463.4,False
7,651.7,345.9,1.4,99,0,4,0,0,0.01,652,344.5,False
7,653.7,350.4,5.0,100,0,4,0,0,0.024,658.7,350,False
7,555.4,354.4,1.8,280,3,11,0,0,0.917,555.2,356.2,False
7,684.7,363.6,6.8,9,1,0,0,0,0.255,680.3,358.4,False
7,597.0,375.6,5.1,245,1,10,0,0,0.318,600.3,371.7,False
7,709.9,406.9,1.3,193,0,8,0,0,0.001,710.6,407.9,False
7,550.6,418.4,3.0,91,3,3,0,0,1,549,421,False
7,705.0,452.9,2.8,211,3,8,0,0,0.836,704,450.2,False
6,552.0,357.5,3.5,280,3,11,0,0,0.917,555.2,356.2,False
6,647.5,361.2,4.0,118,3,4,0,0,0.995,647.5,365.2,False
6,554.2,370.3,2.4,272,2,11,0,0,0.526,553.4,372.6,False
6,627.0,404.5,4.0,249,2,10,0,0,0.66,628.7,408.1,False
6,544.2,406.5,4.9,270,1,11,0,0,0.313,548.9,407.7,False
6,552.0,415.3,2.8,269,1,11,0,0,0.257,552.3,412.5,False
6,547.2,428.7,1.8,284,3,11,0,0,1,545.4,428.6,False
6,600.5,487.2,2.8,189,3,7,0,0,0.923,598.8,485,False
5,616.2,322.4,0.6,151,1,6,0,0,0.281,616.5,321.9,False
5,644.0,330.0,3.3,109,2,4,0,0,0.535,643.7,326.7,False
5,662.2,342.8,2.9,102,0,4,0,0,0.014,664.5,341,False
5,671.2,349.2,1.2,106,1,4,0,0,0.277,672.1,350,False
5,604.0,365.4,7.3,245,1,10,0,0,0.318,600.3,371.7,False
5,582.2,372.2,6.0,252,2,10,0,0,0.642,588.2,372.6,False
5,548.8,378.0,5.5,266,1,11,0,0,0.239,552.7,381.9,False
5,549.2,398.0,4.2,278,2,11,0,0,0.684,546.1,395.2,False
5,715.2,408.2,3.5,66,3,2,0,0,0.963,712.1,406.5,False
5,620.0,414.0,9.7,257,3,10,0,0,0.961,621,423.6,False
5,710.2,427.8,7.1,203,2,8,0,0,0.533,708.7,434.7,False
5,574.4,470.4,0.8,190,3,7,0,0,0.888,573.6,470.2,False
5,629.0,479.2,4.0,141,3,5,0,0,0.987,631,482.7,False
5,654.0,481.4,2.4,137,2,5,0,0,0.634,652.6,483.4,False
4,584.5,366.5,2.1,22,0,1,0,0,0,586.2,365.3,False
4,709.8,373.5,3.9,199,2,8,0,0,0.55,710.9,377.2,False
4,715.0,375.5,4.4,199,2,8,0,0,0.55,710.9,377.2,False
4,599.0,380.5,6.0,239,0,10,0,0,0.012,604.9,381.6,False
4,549.8,385.0,4.3,266,1,11,0,0,0.239,552.7,381.9,False
4,712.8,401.5,2.1,198,1,8,0,0,0.318,713.4,399.5,False
4,717.0,404.5,4.5,213,3,8,0,0,0.94,720.2,401.3,False
4,705.0,413.5,2.6,191,0,8,0,0,0.008,707,411.8,False
4,617.0,418.5,6.5,257,3,10,0,0,0.961,621,423.6,False
4,697.0,421.5,5.5,209,3,8,0,0,0.852,697.9,416.1,False
4,559.5,433.8,7.2,85,2,3,0,0,0.597,566.3,431.4,False
4,651.5,443.0,6.2,227,2,9,0,0,0.605,649.2,448.8,False
4,697.0,447.5,2.2,210,3,8,0,0,1,698.9,448.7,False
4,682.8,468.8,0.2,69,3,2,0,0,0.947,682.6,468.9,False
4,591.5,470.5,3.5,181,2,7,0,0,0.541,592.2,473.9,False
4,672.8,473.2,1.7,131,1,5,0,0,0.329,674.2,472.3,False
4,637.8,475.2,6.4,187,3,7,0,0,0.998,643.7,477.5,False
4,650.2,476.8,4.0,123,0,5,0,0,0.024,654.2,477.3,False
4,614.5,490.0,4.5,142,3,5,0,0,0.964,617.4,493.4,False
3,629.7,311.7,5.7,154,2,6,0,0,0.559,626.3,316.3,False
3,649.0,327.0,5.3,109,2,4,0,0,0.535,643.7,326.7,False
3,658.0,341.0,6.4,98,0,4,0,0,0.007,651.9,339.2,False
3,666.0,345.0,4.3,102,0,4,0,0,0.014,664.5,341,False
3,660.0,352.7,3.0,100,0,4,0,0,0.024,658.7,350,False
3,651.3,362.7,4.6,118,3,4,0,0,0.995,647.5,365.2,False
3,655.0,364.0,7.6,118,3,4,0,0,0.995,647.5,365.2,False
3,557.0,379.0,3.8,267,1,11,0,0,0.29,556.4,382.8,False
3,550.7,381.7,2.0,266,1,11,0,0,0.239,552.7,381.9,False
3,596.0,385.0,4.0,31,1,1,0,0,0.319,592.1,384.3,False
3,703.3,385.0,2.2,208,3,8,0,0,0.841,702.2,383.1,False
3,587.0,387.0,5.8,31,1,1,0,0,0.319,592.1,384.3,False
3,636.7,390.7,8.1,248,2,10,0,0,0.65,643.4,386.2,False
3,567.3,391.3,5.9,29,1,1,0,0,0.245,572.6,388.6,False
3,705.3,392.0,3.9,195,1,8,0,0,0.252,708,394.9,False
3,589.7,392.3,6.7,30,1,1,0,0,0.335,583,392.3,False
3,577.7,394.7,5.8,30,1,1,0,0,0.335,583,392.3,False
3,599.0,396.0,4.0,244,1,10,0,0,0.317,598.9,392,False
3,710.7,396.7,3.2,195,1,8,0,0,0.252,708,394.9,False
3,550.0,403.0,1.3,265,0,11,0,0,0.017,551.2,402.6,False
3,699.0,403.0,3.0,201,2,8,0,0,0.57,701.7,401.6,False
3,568.0,403.0,6.6,36,2,1,0,0,0.539,574.3,400.9,False
3,701.0,409.0,1.7,58,2,2,0,0,0.653,702.7,408.6,False
3,546.7,411.3,1.4,277,2,11,0,0,0.641,545.8,412.4,False
3,712.0,425.0,5.6,197,1,8,0,0,0.259,708.9,420.3,False
3,668.0,442.3,1.0,55,1,2,0,0,0.256,668.9,442,False
3,559.7,452.3,5.3,93,3,3,0,0,0.938,556.8,456.8,False
3,567.0,456.0,3.9,79,1,3,0,0,0.291,570.5,454.2,False
3,577.0,456.0,4.6,74,0,3,0,0,0.001,580.7,458.8,False
3,560.0,457.0,3.2,93,3,3,0,0,0.938,556.8,456.8,False
3,710.7,457.3,9.0,139,3,5,0,0,0.951,702.2,460.5,False
3,564.7,462.3,8.3,87,2,3,0,0,0.556,572.9,463.4,False
3,674.0,468.3,2.9,126,1,5,0,0,0.301,676.7,469.3,False
3,596.0,474.0,3.8,181,2,7,0,0,0.541,592.2,473.9,False
3,648.0,473.3,5.2,135,2,5,0,0,0.686,644.9,477.5,False
3,642.0,475.3,2.8,187,3,7,0,0,0.998,643.7,477.5,False
3,599.3,476.7,3.1,88,2,3,0,0,0.624,601.7,478.7,False
3,604.3,476.7,3.3,88,2,3,0,0,0.624,601.7,478.7,False
3,631.7,477.3,5.4,141,3,5,0,0,0.987,631,482.7,False
